{
  "Aluguel de imóveis para escritório político":16419743.070000002,
  "Aquisição de material de consumo":3020930.850000001,
  "Locomoção, hospedagem, alimentação, combustíveis e":19195381.990000002,
  "Divulgação da atividade parlamentar":11865586.910000004,
  "Passagens aéreas, aquáticas e terrestres nacionais":21483077.54999999,
  "Diárias":2078228.3200000012,
  "Combustíveis":1012498.0099999998,
  "Outros materiais":1253190.8000000017,
  "Correios":10334360.65999999,
  "Contratação de serviços de apoio ao parlamentar":11666374.14,
  "Ressarcimento de Passagens":1049796.7599999998,
  "Serviços de Segurança Privada":1526771.18
}